step,loss,lr,tokens_per_sec,elapsed_sec,token_accuracy,gpu_mem_gb,grad_norm
100,8.800271,6.00e-06,1162,334.3,0.0726,13.66,9.8081
200,7.873550,1.20e-05,1335,584.9,0.1293,13.66,8.1929
300,7.150514,1.80e-05,1399,836.3,0.1651,13.66,8.3430
400,6.455283,2.40e-05,1422,1085.2,0.2158,13.66,8.4915
500,5.661959,3.00e-05,1436,1334.8,0.3135,13.66,9.0850
600,4.764692,3.60e-05,1447,1584.6,0.4035,13.66,13.9771
700,3.727421,4.20e-05,1473,1834.7,0.5455,13.66,15.2523
800,2.497430,4.80e-05,1496,2084.9,0.7544,13.66,12.4966
900,1.704680,5.40e-05,1514,2335.6,0.8397,13.66,9.4125
1000,1.318968,6.00e-05,1533,2586.6,0.8692,13.66,7.6353
1100,1.079680,6.60e-05,1552,2837.7,0.8840,13.66,5.7635
1200,0.943454,7.20e-05,1569,3088.9,0.8940,13.66,5.0100
1300,0.835398,7.80e-05,1574,3340.1,0.9049,13.66,4.2321
1400,0.757103,8.40e-05,1570,3591.3,0.9131,13.66,3.7127
1500,0.696486,9.00e-05,1566,3842.6,0.9176,13.66,3.3572
1600,0.687564,9.60e-05,1566,4093.7,0.9188,13.66,2.9319
1700,0.653273,1.02e-04,1569,4344.5,0.9233,13.66,2.6538
1800,0.630410,1.08e-04,1571,4595.6,0.9249,13.66,2.6499
1900,0.597530,1.14e-04,1576,4847.0,0.9295,13.66,2.2612
2000,0.577262,1.20e-04,1583,5098.4,0.9325,13.66,1.8740
2100,0.551420,1.26e-04,1591,5349.4,0.9342,13.66,1.9302
2200,0.529300,1.32e-04,1598,5600.2,0.9358,13.66,1.7865
2300,0.527219,1.38e-04,1601,5851.0,0.9368,13.66,1.6639
2400,0.502953,1.44e-04,1603,6101.8,0.9382,13.66,1.7530
2500,0.483242,1.50e-04,1606,6352.4,0.9403,13.66,1.4809
2600,0.489374,1.56e-04,1607,6603.1,0.9383,13.66,1.5751
2700,0.460333,1.62e-04,1610,6853.7,0.9412,13.66,1.3410
2800,0.450399,1.68e-04,1611,7104.1,0.9409,13.66,1.4212
2900,0.417565,1.74e-04,1609,7354.7,0.9457,13.66,1.2642
3000,0.400468,1.80e-04,1606,7605.3,0.9472,13.66,1.3405
3100,0.397147,1.86e-04,1604,7856.1,0.9464,13.66,1.3058
3200,0.411865,1.92e-04,1600,8106.9,0.9461,13.66,1.2425
3300,0.398973,1.98e-04,1596,8357.8,0.9467,13.66,1.2433
3400,0.384145,2.04e-04,1593,8609.3,0.9478,13.66,1.2359
3500,0.388777,2.10e-04,1589,8860.5,0.9478,13.66,1.2425
3600,0.386619,2.16e-04,1586,9113.6,0.9473,13.66,1.3678
3700,0.375234,2.22e-04,1583,9369.9,0.9486,13.66,1.3451
3800,0.372864,2.28e-04,1582,9625.6,0.9489,13.66,1.1503
3900,0.372783,2.34e-04,1585,9877.4,0.9490,13.66,1.0570
4000,0.362076,2.40e-04,1588,10129.3,0.9496,13.66,1.0219
4100,0.330012,2.46e-04,1589,10381.5,0.9534,13.66,0.9221
4200,0.320190,2.52e-04,1588,10633.8,0.9538,13.66,0.9343
4300,0.313114,2.58e-04,1587,10886.0,0.9539,13.66,0.9881
4400,0.313980,2.64e-04,1587,11138.6,0.9537,13.66,0.9364
4500,0.302855,2.70e-04,1587,11391.2,0.9558,13.66,0.8883
4600,0.298781,2.76e-04,1588,11643.8,0.9550,13.66,0.9454
4700,0.286755,2.82e-04,1589,11897.3,0.9568,13.66,0.8479
4800,0.304020,2.88e-04,1589,12150.9,0.9558,13.66,0.9299
4900,0.282633,2.94e-04,1589,12406.3,0.9576,13.66,0.8712
5000,0.273416,3.00e-04,1589,12661.9,0.9585,13.66,0.8721
5100,0.323765,3.00e-04,1588,12918.8,0.9528,13.66,0.9100
5200,0.298888,3.00e-04,1588,13171.5,0.9552,13.66,0.8463
5300,0.285957,3.00e-04,1588,13423.9,0.9568,13.66,0.8456
5400,0.295708,3.00e-04,1590,13676.3,0.9558,13.66,0.8112
5500,0.266712,3.00e-04,1593,13929.0,0.9592,13.66,0.8308
5600,0.261596,3.00e-04,1595,14181.7,0.9596,13.66,0.7457
5700,0.269360,3.00e-04,1598,14434.4,0.9588,13.66,0.7504
5800,0.260110,3.00e-04,1600,14687.1,0.9594,13.66,0.7122
5900,0.249313,3.00e-04,1602,14939.7,0.9607,13.66,0.7793
6000,0.244473,3.00e-04,1604,15192.3,0.9622,13.66,0.6374
6100,0.232236,3.00e-04,1607,15445.0,0.9637,13.66,0.6479
6200,0.229596,3.00e-04,1609,15697.8,0.9635,13.66,0.7024
6300,0.248195,3.00e-04,1610,15950.5,0.9612,13.66,0.7374
6400,0.245111,3.00e-04,1608,16203.2,0.9608,13.66,0.7507
6500,0.232863,3.00e-04,1606,16456.0,0.9618,13.66,inf
6600,0.233364,3.00e-04,1605,16708.9,0.9620,13.66,0.7772
6700,0.233903,3.00e-04,1606,16961.9,0.9622,13.66,0.6828
6800,0.217247,3.00e-04,1606,17214.9,0.9646,13.66,0.6054
6900,0.223362,3.00e-04,1606,17468.0,0.9639,13.66,0.6307
7000,0.238765,3.00e-04,1607,17721.1,0.9624,13.66,0.7100
7100,0.217630,3.00e-04,1607,17974.3,0.9648,13.66,0.5989
7200,0.214604,3.00e-04,1608,18227.7,0.9649,13.66,0.5782
7300,0.224412,3.00e-04,1609,18481.2,0.9645,13.66,0.6419
7400,0.213320,3.00e-04,1610,18734.7,0.9652,13.66,0.5976
7500,0.204015,3.00e-04,1612,18988.3,0.9666,13.66,0.5892
7600,0.216511,3.00e-04,1612,19241.8,0.9645,13.66,0.7132
7700,0.201056,3.00e-04,1611,19495.6,0.9665,13.66,0.5957
7800,0.195965,3.00e-04,1611,19749.4,0.9672,13.66,0.5845
7900,0.202453,3.00e-04,1611,20003.2,0.9663,13.66,0.6020
8000,0.195248,3.00e-04,1611,20256.3,0.9674,13.66,0.5669
8100,0.192258,3.00e-04,1610,20509.6,0.9673,13.66,0.6405
8200,0.212584,3.00e-04,1609,20764.3,0.9652,13.66,0.6216
8300,0.203714,3.00e-04,1608,21017.8,0.9662,13.66,0.5683
8400,0.199771,3.00e-04,1607,21271.4,0.9667,13.66,0.5779
8500,0.214388,3.00e-04,1607,21525.2,0.9648,13.66,0.6281
8600,0.217988,3.00e-04,1608,21779.0,0.9642,13.66,inf
8700,0.196082,3.00e-04,1608,22035.4,0.9672,13.66,0.5861
8800,0.197986,3.00e-04,1608,22289.8,0.9671,13.66,0.5431
8900,0.185203,3.00e-04,1609,22543.5,0.9689,13.66,0.5220
9000,0.182804,3.00e-04,1609,22797.2,0.9690,13.66,0.5173
9100,0.189772,3.00e-04,1609,23051.1,0.9681,13.66,0.5453
9200,0.190978,3.00e-04,1608,23304.9,0.9675,13.66,0.5513
9300,0.182430,3.00e-04,1606,23559.5,0.9687,13.66,0.5251
9400,0.184421,3.00e-04,1605,23814.3,0.9682,13.66,0.5308
9500,0.193218,3.00e-04,1606,24069.3,0.9670,13.66,0.5516
9600,0.189209,3.00e-04,1607,24324.7,0.9676,13.66,0.5318
9700,0.181683,3.00e-04,1607,24580.1,0.9685,13.66,0.5498
9800,0.191389,3.00e-04,1608,24835.7,0.9672,13.66,inf
9900,0.179716,3.00e-04,1608,25091.6,0.9688,13.66,0.5700
10000,0.171351,3.00e-04,1609,25347.2,0.9696,13.66,0.4889
10100,0.187241,3.00e-04,1608,25617.6,0.9681,13.66,0.5071
10200,0.177788,3.00e-04,1608,25873.6,0.9691,13.66,0.5164
10300,0.174682,3.00e-04,1607,26129.5,0.9692,13.66,0.5263
10400,0.188117,3.00e-04,1607,26385.5,0.9678,13.66,0.4937
10500,0.174170,3.00e-04,1607,26641.9,0.9696,13.66,0.4519
10600,0.172291,3.00e-04,1607,26898.3,0.9695,13.66,0.4846
10700,0.178423,3.00e-04,1607,27155.3,0.9691,13.66,0.4947
10800,0.174536,3.00e-04,1608,27411.6,0.9695,13.66,0.4945
10900,0.165156,3.00e-04,1608,27668.2,0.9709,13.66,0.4944
11000,0.183344,3.00e-04,1608,27923.6,0.9684,13.66,0.4997
11100,0.175598,3.00e-04,1609,28178.0,0.9693,13.66,0.5182
11200,0.165450,3.00e-04,1609,28431.6,0.9711,13.66,0.4758
11300,0.177232,3.00e-04,1609,28685.2,0.9695,13.66,0.5015
11400,0.172049,3.00e-04,1609,28939.3,0.9703,13.66,0.4918
11500,0.161266,3.00e-04,1609,29193.0,0.9714,13.66,0.4701
11600,0.177416,3.00e-04,1609,29446.3,0.9694,13.66,0.4724
11700,0.183071,3.00e-04,1610,29700.2,0.9686,13.66,0.5499
11800,0.166365,3.00e-04,1610,29953.7,0.9708,13.66,0.4687
11900,0.165419,3.00e-04,1611,30207.8,0.9710,13.66,0.4515
12000,0.175738,3.00e-04,1612,30461.4,0.9695,13.66,0.4668
12100,0.158552,3.00e-04,1612,30715.0,0.9720,13.66,0.4437
12200,0.159743,3.00e-04,1613,30968.9,0.9717,13.66,0.4293
12300,0.163233,3.00e-04,1613,31222.8,0.9711,13.66,0.4499
12400,0.150989,3.00e-04,1613,31476.2,0.9732,13.66,0.4135
12500,0.150350,3.00e-04,1614,31730.3,0.9731,13.66,0.4219
12600,0.169541,3.00e-04,1615,31984.2,0.9711,13.66,0.4191
12700,0.153828,3.00e-04,1617,32238.6,0.9733,13.66,0.4042
12800,0.152359,3.00e-04,1618,32492.7,0.9733,13.66,0.4327
12900,0.161421,3.00e-04,1618,32746.3,0.9720,13.66,0.4648
13000,0.151217,3.00e-04,1618,33000.2,0.9733,13.66,0.4434
13100,0.143788,3.00e-04,1618,33253.9,0.9744,13.66,0.4349
13200,0.149237,3.00e-04,1619,33507.7,0.9742,13.66,0.3963
13300,0.145346,3.00e-04,1620,33761.5,0.9744,13.66,0.4132
13400,0.140153,3.00e-04,1622,34015.3,0.9754,13.66,0.3950
13500,0.144953,3.00e-04,1622,34269.0,0.9745,13.66,0.3937
13600,0.138005,3.00e-04,1621,34523.1,0.9750,13.66,0.3936
13700,0.133920,3.00e-04,1621,34777.3,0.9756,13.66,0.4105
13800,0.148931,3.00e-04,1621,35038.5,0.9735,13.66,0.4168
13900,0.151607,3.00e-04,1621,35300.2,0.9735,13.66,0.4234
14000,0.143253,3.00e-04,1621,35559.4,0.9745,13.66,0.4023
14100,0.152427,3.00e-04,1622,35817.8,0.9730,13.66,0.4420
14200,0.152056,3.00e-04,1623,36077.0,0.9732,13.66,0.4195
14300,0.143157,3.00e-04,1623,36336.8,0.9746,13.66,0.3910
14400,0.156363,3.00e-04,1624,36596.8,0.9725,13.66,0.4284
14500,0.161129,3.00e-04,1623,36857.0,0.9715,13.66,0.4173
14600,0.144448,3.00e-04,1623,37113.9,0.9739,13.66,0.3941
14700,0.147281,3.00e-04,1623,37370.9,0.9734,13.66,0.4418
14800,0.149522,3.00e-04,1623,37626.7,0.9738,13.66,0.4079
14900,0.137870,3.00e-04,1623,37882.6,0.9751,13.66,0.3981
15000,0.137366,3.00e-04,1623,38139.7,0.9753,13.66,0.4051
15100,0.140720,3.00e-04,1622,38398.9,0.9742,13.66,0.4106
15200,0.131743,3.00e-04,1621,38656.3,0.9757,13.66,0.3894
15300,0.120772,3.00e-04,1621,38912.4,0.9772,13.66,nan
15400,0.146408,3.00e-04,1621,39169.2,0.9736,13.66,0.4616
15500,0.137358,3.00e-04,1621,39426.4,0.9751,13.66,0.4331
15600,0.130284,3.00e-04,1620,39683.9,0.9762,13.66,0.3958
15700,0.152244,3.00e-04,1621,39941.4,0.9727,13.66,0.4264
15800,0.141987,3.00e-04,1622,40198.9,0.9743,13.66,0.3894
15900,0.132799,3.00e-04,1623,40456.9,0.9756,13.66,0.4114
16000,0.129062,3.00e-04,1624,40714.6,0.9767,13.66,0.3432
16100,0.128494,3.00e-04,1626,40972.4,0.9767,13.66,0.3810
16200,0.124206,3.00e-04,1627,41230.2,0.9774,13.66,0.3744
16300,0.156273,3.00e-04,1628,41488.2,0.9709,13.66,0.4040
16400,0.160433,3.00e-04,1630,41746.3,0.9705,13.66,0.3808
16500,0.154844,3.00e-04,1632,42004.4,0.9713,13.66,0.4145
16600,0.143307,3.00e-04,1634,42262.6,0.9735,13.66,0.3554
16700,0.138578,3.00e-04,1635,42520.8,0.9753,13.66,0.3633
16800,0.133424,3.00e-04,1636,42779.0,0.9762,13.66,0.3640
16900,0.135559,3.00e-04,1637,43037.2,0.9756,13.66,0.3939
17000,0.141645,3.00e-04,1638,43295.7,0.9747,13.66,0.3732
17100,0.136079,3.00e-04,1638,43554.4,0.9758,13.66,0.3787
17200,0.132626,3.00e-04,1639,43812.9,0.9760,13.66,0.3636
17300,0.121881,3.00e-04,1640,44072.0,0.9775,13.66,nan
17400,0.118371,3.00e-04,1640,44330.4,0.9781,13.66,0.3670
17500,0.117784,3.00e-04,1641,44589.0,0.9781,13.66,0.3633
17600,0.133097,3.00e-04,1641,44847.7,0.9762,13.66,0.3587
17700,0.125225,3.00e-04,1642,45106.5,0.9771,13.66,0.3916
17800,0.120160,3.00e-04,1642,45365.1,0.9778,13.66,0.3458
17900,0.139417,3.00e-04,1643,45623.9,0.9750,13.66,0.3613
18000,0.130525,3.00e-04,1644,45880.6,0.9765,13.66,0.3723
18100,0.123781,3.00e-04,1645,46136.6,0.9781,13.66,0.3508
18200,0.143843,3.00e-04,1646,46392.0,0.9750,13.66,0.3798
18300,0.135706,3.00e-04,1646,46647.2,0.9759,13.66,0.3766
18400,0.132353,3.00e-04,1647,46902.3,0.9764,13.66,0.4000
18500,0.130475,3.00e-04,1648,47157.5,0.9769,13.66,0.3661
18600,0.123612,3.00e-04,1648,47412.7,0.9777,13.66,0.3629
18700,0.117798,3.00e-04,1649,47668.0,0.9784,13.66,0.3381
18800,0.137433,3.00e-04,1649,47923.1,0.9762,13.66,0.3811
18900,0.135449,3.00e-04,1649,48178.0,0.9764,13.66,0.4182
19000,0.124868,3.00e-04,1649,48433.3,0.9776,13.66,0.3900
19100,0.126561,3.00e-04,1649,48688.3,0.9774,13.66,0.4100
19200,0.129505,3.00e-04,1648,48943.3,0.9769,13.66,0.3688
19300,0.119761,3.00e-04,1648,49198.1,0.9782,13.66,0.3479
19400,0.125633,3.00e-04,1648,49452.8,0.9774,13.66,0.3903
19500,0.142312,3.00e-04,1648,49707.4,0.9755,13.66,0.4050
19600,0.125392,3.00e-04,1648,49962.1,0.9777,13.66,0.3848
19700,0.128120,3.00e-04,1648,50217.3,0.9770,13.66,0.3753
19800,0.128895,3.00e-04,1647,50474.0,0.9763,13.66,0.3835
19900,0.123552,3.00e-04,1646,50729.8,0.9769,13.66,nan
20000,0.121665,3.00e-04,1646,50985.5,0.9768,13.66,0.3805
20100,0.169502,3.00e-04,1648,51255.1,0.9707,13.66,0.4481
20200,0.140471,3.00e-04,1650,51511.0,0.9757,13.66,0.3321
20300,0.136248,3.00e-04,1653,51766.8,0.9764,13.66,0.3614
20400,0.135811,3.00e-04,1654,52022.4,0.9762,13.66,0.3581
20500,0.124604,3.00e-04,1655,52278.1,0.9775,13.66,0.3656
20600,0.120252,3.00e-04,1656,52533.9,0.9784,13.66,0.3328
20700,0.127890,3.00e-04,1657,52789.8,0.9770,13.66,0.3421
20800,0.121624,3.00e-04,1658,53045.7,0.9780,13.66,0.3434
20900,0.117162,3.00e-04,1658,53301.6,0.9789,13.66,0.3456
21000,0.125143,3.00e-04,1659,53557.3,0.9774,13.66,0.4428
21100,0.116479,3.00e-04,1660,53813.3,0.9788,13.66,0.3547
21200,0.111544,3.00e-04,1660,54069.2,0.9797,13.66,0.3512
21300,0.132628,3.00e-04,1660,54325.2,0.9762,13.66,0.3797
21400,0.131835,3.00e-04,1661,54581.3,0.9765,13.66,0.3799
21500,0.121096,3.00e-04,1661,54837.2,0.9780,13.66,0.3501
21600,0.130998,3.00e-04,1661,55093.2,0.9763,13.66,0.4060
21700,0.129788,3.00e-04,1661,55349.1,0.9763,13.66,0.3880
21800,0.118414,3.00e-04,1661,55605.1,0.9781,13.66,0.3424
21900,0.126342,3.00e-04,1661,55860.9,0.9767,13.66,0.3840
22000,0.130356,3.00e-04,1661,56116.3,0.9764,13.66,0.3790
22100,0.121415,3.00e-04,1660,56371.0,0.9776,13.66,0.3752
22200,0.123394,3.00e-04,1661,56625.5,0.9770,13.66,0.3550
22300,0.128481,3.00e-04,1661,56880.1,0.9763,13.66,0.3766
22400,0.122791,3.00e-04,1662,57135.0,0.9773,13.66,0.3446
22500,0.124026,3.00e-04,1662,57389.9,0.9769,13.66,0.3760
22600,0.135596,3.00e-04,1662,57644.7,0.9755,13.66,0.3978
22700,0.117726,3.00e-04,1663,57899.2,0.9782,13.66,0.3521
22800,0.115911,3.00e-04,1663,58153.8,0.9785,13.66,0.3684
22900,0.134438,3.00e-04,1663,58408.5,0.9757,13.66,0.4383
23000,0.121622,3.00e-04,1663,58663.1,0.9775,13.66,0.3561
23100,0.123002,3.00e-04,1663,58917.2,0.9771,13.66,0.3857
23200,0.144619,3.00e-04,1663,59171.0,0.9745,13.66,0.4308
23300,0.133283,3.00e-04,1664,59424.7,0.9760,13.66,0.3849
23400,0.131249,3.00e-04,1665,59678.2,0.9765,13.66,0.4127
23500,0.129969,3.00e-04,1665,59931.6,0.9765,13.66,0.3789
23600,0.125012,3.00e-04,1666,60184.8,0.9773,13.66,0.3736
23700,0.118084,3.00e-04,1666,60437.9,0.9783,13.66,0.4094
23800,0.128111,3.00e-04,1666,60691.0,0.9765,13.66,0.3761
23900,0.121072,3.00e-04,1666,60944.1,0.9779,13.66,nan
24000,0.121856,3.00e-04,1666,61197.1,0.9779,13.66,0.3764
24100,0.120479,3.00e-04,1666,61450.1,0.9779,13.66,nan
24200,0.121525,3.00e-04,1666,61703.1,0.9776,13.66,0.3809
24300,0.118021,3.00e-04,1665,61956.0,0.9782,13.66,0.3515
24400,0.116339,3.00e-04,1665,62208.8,0.9784,13.66,0.3635
24500,0.106398,3.00e-04,1665,62461.4,0.9791,13.66,0.3319
24600,0.104126,3.00e-04,1664,62714.0,0.9793,13.66,0.3549
24700,0.108273,3.00e-04,1664,62966.7,0.9787,13.66,0.3795
24800,0.114876,3.00e-04,1663,63219.4,0.9783,13.66,0.3873
24900,0.112005,3.00e-04,1663,63472.0,0.9785,13.66,0.3445
25000,0.112503,3.00e-04,1662,63724.6,0.9785,13.66,0.3607
25100,0.150400,3.00e-04,1662,63979.5,0.9736,13.66,0.4028
25200,0.134332,3.00e-04,1662,64231.8,0.9763,13.66,0.3774
25300,0.128692,3.00e-04,1662,64484.3,0.9769,13.66,0.3912
25400,0.138654,3.00e-04,1662,64736.5,0.9753,13.66,0.3933
25500,0.122138,3.00e-04,1662,64989.0,0.9778,13.66,0.3829
25600,0.122253,3.00e-04,1662,65241.6,0.9779,13.66,0.3623
25700,0.125092,3.00e-04,1662,65493.9,0.9778,13.66,0.3692
25800,0.125850,3.00e-04,1661,65746.2,0.9776,13.66,0.4090
25900,0.117626,3.00e-04,1661,65998.5,0.9788,13.66,0.3610
26000,0.118774,3.00e-04,1661,66250.7,0.9783,13.66,0.3511
26100,0.116754,3.00e-04,1661,66503.0,0.9789,13.66,0.3745
26200,0.110576,3.00e-04,1661,66755.2,0.9798,13.66,0.3531
26300,0.114735,3.00e-04,1661,67007.3,0.9789,13.66,0.3579
26400,0.113259,3.00e-04,1661,67259.5,0.9791,13.66,0.3355
26500,0.109731,3.00e-04,1661,67511.6,0.9797,13.66,0.3501
26600,0.116798,3.00e-04,1661,67763.7,0.9787,13.66,0.3737
26700,0.122023,3.00e-04,1662,68015.7,0.9782,13.66,0.4037
26800,0.118304,3.00e-04,1662,68267.6,0.9785,13.66,0.3795
26900,0.123291,3.00e-04,1662,68519.7,0.9777,13.66,0.3659
27000,0.126436,3.00e-04,1662,68771.7,0.9778,13.66,0.3887
27100,0.119017,3.00e-04,1662,69023.5,0.9784,13.66,0.3885
27200,0.116242,3.00e-04,1662,69275.3,0.9791,13.66,0.3710
27300,0.121297,3.00e-04,1662,69526.9,0.9778,13.66,0.3919
27400,0.113454,3.00e-04,1662,69778.7,0.9792,13.66,0.3530
27500,0.107537,3.00e-04,1662,70030.4,0.9802,13.66,0.3289
27600,0.113990,3.00e-04,1662,70282.0,0.9792,13.66,0.3583
27700,0.113311,3.00e-04,1662,70533.7,0.9795,13.66,0.3760
27800,0.107679,3.00e-04,1662,70785.3,0.9802,13.66,0.3648
27900,0.120546,3.00e-04,1662,71036.8,0.9781,13.66,nan
28000,0.110650,3.00e-04,1662,71288.4,0.9798,13.66,0.3979
28100,0.103373,3.00e-04,1662,71539.9,0.9809,13.66,0.3756
28200,0.126804,3.00e-04,1662,71791.2,0.9768,13.66,0.3594
28300,0.122516,3.00e-04,1663,72042.6,0.9773,13.66,0.4013
28400,0.111098,3.00e-04,1663,72294.0,0.9791,13.66,0.3518
28500,0.117060,3.00e-04,1664,72545.5,0.9783,13.66,0.3669
28600,0.115085,3.00e-04,1664,72797.2,0.9788,13.66,0.3745
28700,0.112138,3.00e-04,1665,73048.6,0.9792,13.66,0.3660
28800,0.113516,3.00e-04,1665,73299.9,0.9789,13.66,0.3468
28900,0.113872,3.00e-04,1665,73551.2,0.9789,13.66,0.3606
29000,0.106948,3.00e-04,1666,73802.3,0.9798,13.66,0.3410
29100,0.112122,3.00e-04,1666,74053.5,0.9790,13.66,0.3544
29200,0.108744,3.00e-04,1667,74304.7,0.9798,13.66,0.3252
29300,0.109020,3.00e-04,1667,74555.8,0.9800,13.66,0.3284
29400,0.111789,3.00e-04,1668,74806.9,0.9795,13.66,0.3378
29500,0.113084,3.00e-04,1668,75058.0,0.9793,13.66,0.3511
29600,0.113049,3.00e-04,1669,75309.1,0.9795,13.66,0.3464
29700,0.109866,3.00e-04,1669,75560.1,0.9796,13.66,0.3372
29800,0.113150,3.00e-04,1670,75811.0,0.9793,13.66,0.3672
29900,0.109618,3.00e-04,1670,76062.1,0.9796,13.66,0.3310
30000,0.106507,3.00e-04,1671,76313.0,0.9803,13.66,nan
30100,0.113173,3.00e-04,1671,76573.7,0.9792,13.66,0.3506
30200,0.106233,3.00e-04,1672,76824.4,0.9806,13.66,0.3485
30300,0.105335,3.00e-04,1672,77075.1,0.9807,13.66,0.3381
30400,0.114321,3.00e-04,1673,77325.9,0.9790,13.66,0.3341
30500,0.108278,3.00e-04,1673,77576.5,0.9802,13.66,0.3376
30600,0.107730,3.00e-04,1674,77827.2,0.9799,13.66,0.3364
30700,0.107660,3.00e-04,1674,78077.7,0.9801,13.66,0.3258
30800,0.105367,3.00e-04,1675,78328.0,0.9805,13.66,0.3123
30900,0.107455,3.00e-04,1675,78578.5,0.9804,13.66,0.3383
31000,0.108926,3.00e-04,1676,78828.9,0.9802,13.66,0.3273
31100,0.110406,3.00e-04,1676,79080.1,0.9798,13.66,0.3287
31200,0.105018,3.00e-04,1677,79332.2,0.9807,13.66,0.3163
31300,0.105945,3.00e-04,1677,79584.6,0.9811,13.66,0.3421
31400,0.102108,3.00e-04,1677,79837.0,0.9820,13.66,0.3088
31500,0.100133,3.00e-04,1678,80089.2,0.9822,13.66,0.3373
31600,0.104457,3.00e-04,1679,80341.4,0.9817,13.66,0.3306
31700,0.106242,3.00e-04,1679,80593.8,0.9816,13.66,0.3120
31800,0.101743,3.00e-04,1680,80846.4,0.9819,13.66,0.3275
31900,0.098040,3.00e-04,1680,81099.3,0.9826,13.66,0.3061
32000,0.105461,3.00e-04,1681,81352.1,0.9820,13.66,0.3590
32100,0.101390,3.00e-04,1681,81604.9,0.9824,13.66,0.3342
32200,0.098213,3.00e-04,1682,81857.4,0.9826,13.66,0.3204
32300,0.106355,3.00e-04,1682,82110.1,0.9813,13.66,0.3365
32400,0.098321,3.00e-04,1683,82363.1,0.9829,13.66,0.3339
32500,0.094568,3.00e-04,1683,82615.5,0.9829,13.66,0.3250
32600,0.106866,3.00e-04,1684,82868.1,0.9814,13.66,nan
32700,0.104944,3.00e-04,1684,83120.9,0.9817,13.66,0.3575
32800,0.099001,3.00e-04,1685,83373.2,0.9828,13.66,0.3516
32900,0.100817,3.00e-04,1685,83626.0,0.9820,13.66,0.3422
33000,0.096726,3.00e-04,1685,83879.1,0.9829,13.66,0.3590
33100,0.094672,3.00e-04,1686,84131.6,0.9830,13.66,0.3253
33200,0.102581,3.00e-04,1686,84384.7,0.9823,13.66,0.3407
33300,0.094282,3.00e-04,1687,84637.5,0.9835,13.66,0.3108
33400,0.092485,3.00e-04,1687,84890.3,0.9837,13.66,0.3218
33500,0.104505,3.00e-04,1688,85143.5,0.9822,13.66,0.3746
33600,0.096675,3.00e-04,1688,85398.0,0.9830,13.66,0.3169
33700,0.097993,3.00e-04,1689,85650.3,0.9829,13.66,0.3395
33800,0.102440,3.00e-04,1689,85902.8,0.9821,13.66,0.3662
33900,0.098795,3.00e-04,1689,86155.4,0.9828,13.66,0.3214
34000,0.098473,3.00e-04,1690,86408.4,0.9829,13.66,nan
34100,0.100770,3.00e-04,1690,86660.9,0.9824,13.66,0.3218
34200,0.098792,3.00e-04,1691,86913.6,0.9830,13.66,0.3180
34300,0.095739,3.00e-04,1691,87166.1,0.9833,13.66,0.3326
34400,0.109327,3.00e-04,1692,87419.3,0.9809,13.66,0.3467
34500,0.130337,3.00e-04,1692,87671.9,0.9780,13.66,0.3641
34600,0.119617,3.00e-04,1692,87924.3,0.9791,13.66,0.3517
34700,0.118290,3.00e-04,1693,88177.2,0.9797,13.66,0.3480
34800,0.138664,3.00e-04,1693,88432.7,0.9771,13.66,0.3826
34900,0.128830,3.00e-04,1694,88687.3,0.9785,13.66,0.4253
35000,0.126401,3.00e-04,1694,88941.6,0.9789,13.66,0.3778
35100,0.128886,3.00e-04,1694,89201.5,0.9782,13.66,0.3513
35200,0.121518,3.00e-04,1695,89456.3,0.9793,13.66,0.3645
35300,0.117794,3.00e-04,1695,89710.5,0.9797,13.66,0.4612
35400,0.126328,3.00e-04,1696,89967.4,0.9788,13.66,0.3532
35500,0.114215,3.00e-04,1697,90224.9,0.9804,13.66,0.3285
35600,0.107142,3.00e-04,1697,90479.8,0.9812,13.66,0.3441
35700,0.134674,3.00e-04,1698,90738.1,0.9767,13.66,0.3571
35800,0.125867,3.00e-04,1699,90994.7,0.9779,13.66,0.3356
35900,0.114170,3.00e-04,1700,91257.7,0.9796,13.66,0.3212
36000,0.123129,3.00e-04,1701,91522.3,0.9786,13.66,0.3374
36100,0.123889,3.00e-04,1701,91787.3,0.9787,13.66,0.3692
36200,0.114948,3.00e-04,1702,92051.5,0.9799,13.66,0.3324
36300,0.117679,3.00e-04,1702,92319.4,0.9794,13.66,0.3276
36400,0.113739,3.00e-04,1703,92586.0,0.9800,13.66,0.3278
36500,0.112029,3.00e-04,1703,92851.6,0.9806,13.66,0.3515
36600,0.109285,3.00e-04,1704,93117.0,0.9802,13.66,0.3377
36700,0.104146,3.00e-04,1704,93382.3,0.9812,13.66,0.3379
36800,0.102017,3.00e-04,1704,93648.6,0.9817,13.66,0.3309
36900,0.110728,3.00e-04,1704,93914.5,0.9804,13.66,0.3444
37000,0.115025,3.00e-04,1704,94180.4,0.9797,13.66,0.3570
37100,0.110525,3.00e-04,1704,94447.1,0.9806,13.66,0.3524
37200,0.110424,3.00e-04,1704,94711.9,0.9805,13.66,0.3522
37300,0.117349,3.00e-04,1705,94976.1,0.9801,13.66,0.3280
37400,0.112317,3.00e-04,1705,95239.9,0.9804,13.66,0.3256
37500,0.109148,3.00e-04,1705,95504.0,0.9807,13.66,0.3468
37600,0.128623,3.00e-04,1705,95768.2,0.9782,13.66,0.3584
37700,0.111810,3.00e-04,1704,96032.3,0.9806,13.66,0.3620
37800,0.104861,3.00e-04,1704,96296.3,0.9815,13.66,0.3496
37900,0.125185,3.00e-04,1703,96561.0,0.9786,13.66,0.3972
38000,0.114852,3.00e-04,1703,96825.8,0.9801,13.66,0.3638
38100,0.105788,3.00e-04,1703,97091.2,0.9812,13.66,0.3510
38200,0.123955,3.00e-04,1702,97356.4,0.9784,13.66,0.3854
38300,0.114462,3.00e-04,1702,97621.5,0.9801,13.66,0.3752
38400,0.110780,3.00e-04,1701,97887.2,0.9803,13.66,0.3793
38500,0.119810,3.00e-04,1701,98153.1,0.9791,13.66,0.3644
38600,0.113602,3.00e-04,1701,98419.1,0.9803,13.66,0.3613
38700,0.105453,3.00e-04,1702,98685.2,0.9819,13.66,0.3566
38800,0.108599,3.00e-04,1702,98951.4,0.9809,13.66,0.3413
38900,0.106998,3.00e-04,1701,99217.6,0.9810,13.66,0.3501
39000,0.100116,3.00e-04,1701,99483.9,0.9819,13.66,0.3549
39100,0.100762,3.00e-04,1701,99749.4,0.9819,13.66,0.3474
39200,0.101898,3.00e-04,1701,100016.7,0.9815,13.66,0.3623
39300,0.094202,3.00e-04,1700,100284.6,0.9823,13.66,0.3285
39400,0.101962,3.00e-04,1699,100549.7,0.9811,13.66,0.3493
39500,0.099379,3.00e-04,1699,100815.1,0.9818,13.66,0.3389
39600,0.094730,3.00e-04,1699,101079.9,0.9825,13.66,0.3462
39700,0.103590,3.00e-04,1698,101345.1,0.9808,13.66,0.3419
39800,0.127269,3.00e-04,1698,101610.5,0.9770,13.66,0.3862
39900,0.118176,3.00e-04,1698,101875.6,0.9782,13.66,0.3627
40000,0.109838,3.00e-04,1698,102142.0,0.9796,13.66,0.3539
40100,0.099969,3.00e-04,1696,102422.9,0.9815,13.66,0.3462
40200,0.091276,3.00e-04,1696,102687.0,0.9829,13.66,0.3313
40300,0.088451,3.00e-04,1695,102951.3,0.9831,13.66,nan
40400,0.106107,3.00e-04,1695,103215.3,0.9809,13.66,0.3439
40500,0.104661,3.00e-04,1695,103479.5,0.9811,13.66,0.3879
40600,0.092891,3.00e-04,1695,103744.3,0.9829,13.66,0.3317
40700,0.107742,3.00e-04,1694,104008.1,0.9804,13.66,0.3895
40800,0.097809,3.00e-04,1694,104271.9,0.9818,13.66,0.3416
40900,0.096099,3.00e-04,1693,104536.4,0.9823,13.66,0.3488
41000,0.108735,3.00e-04,1693,104800.3,0.9801,13.66,0.3710
41100,0.106916,3.00e-04,1692,105064.4,0.9806,13.66,0.3778
41200,0.102150,3.00e-04,1692,105328.5,0.9814,13.66,0.4003
41300,0.102777,3.00e-04,1691,105592.3,0.9815,13.66,0.3463
41400,0.102166,3.00e-04,1691,105856.8,0.9817,13.66,0.3610
41500,0.097639,3.00e-04,1691,106121.3,0.9824,13.66,0.3624
41600,0.100245,3.00e-04,1690,106385.2,0.9817,13.66,0.3761
41700,0.098822,3.00e-04,1690,106649.6,0.9819,13.66,0.3700
41800,0.095533,3.00e-04,1689,106913.6,0.9825,13.66,0.3540
41900,0.102681,3.00e-04,1689,107177.5,0.9814,13.66,0.3633
42000,0.104868,3.00e-04,1689,107442.2,0.9808,13.66,0.3459
42100,0.099904,3.00e-04,1688,107706.7,0.9815,13.66,0.3662
42200,0.097773,3.00e-04,1688,107970.8,0.9818,13.66,0.3550
42300,0.104940,3.00e-04,1687,108235.0,0.9811,13.66,0.3525
42400,0.099076,3.00e-04,1687,108499.4,0.9821,13.66,0.3660
42500,0.095728,3.00e-04,1687,108763.9,0.9823,13.66,0.3347
42600,0.113187,3.00e-04,1687,109028.6,0.9793,13.66,0.3569
42700,0.100838,3.00e-04,1687,109293.6,0.9814,13.66,nan
42800,0.095822,3.00e-04,1687,109559.9,0.9822,13.66,0.3512
42900,0.099201,3.00e-04,1687,109826.2,0.9823,13.66,0.3313
43000,0.092305,3.00e-04,1687,110092.6,0.9831,13.66,0.3293
43100,0.085023,3.00e-04,1687,110359.4,0.9844,13.66,0.3402
43200,0.098601,3.00e-04,1686,110626.4,0.9816,13.66,0.3420
43300,0.090851,3.00e-04,1686,110893.0,0.9828,13.66,0.3334
43400,0.090783,3.00e-04,1685,111160.6,0.9829,13.66,0.3558
43500,0.099960,3.00e-04,1685,111428.4,0.9818,13.66,0.3419
43600,0.101407,3.00e-04,1684,111696.3,0.9815,13.66,0.3893
43700,0.094912,3.00e-04,1684,111964.6,0.9825,13.66,0.3540
43800,0.103426,3.00e-04,1684,112231.9,0.9813,13.66,0.3604
43900,0.097280,3.00e-04,1683,112498.1,0.9823,13.66,0.3607
44000,0.095078,3.00e-04,1683,112764.9,0.9826,13.66,0.3386
44100,0.096985,3.00e-04,1683,113033.0,0.9823,13.66,0.3224
44200,0.098862,3.00e-04,1683,113300.7,0.9824,13.66,0.3424
44300,0.090762,3.00e-04,1683,113568.6,0.9836,13.66,nan
44400,0.094496,3.00e-04,1683,113833.6,0.9831,13.66,0.3496
44500,0.095170,3.00e-04,1683,114098.2,0.9830,13.66,0.3284
44600,0.092829,3.00e-04,1683,114362.6,0.9835,13.66,0.3368
44700,0.095586,3.00e-04,1683,114628.1,0.9828,13.66,0.3559
44800,0.106045,3.00e-04,1683,114893.0,0.9809,13.66,0.3638
44900,0.096995,3.00e-04,1683,115157.9,0.9826,13.66,0.3599
45000,0.095999,3.00e-04,1683,115422.5,0.9825,13.66,0.3608
45100,0.095307,3.00e-04,1684,115690.3,0.9830,13.66,0.3401
45200,0.090547,3.00e-04,1684,115956.2,0.9837,13.66,0.3704
45300,0.082057,3.00e-04,1684,116223.4,0.9850,13.66,0.3098
45400,0.093942,3.00e-04,1684,116492.1,0.9833,13.66,0.3472
45500,0.089904,3.00e-04,1684,116757.3,0.9838,13.66,0.3198
45600,0.084109,3.00e-04,1683,117022.4,0.9842,13.66,0.3122
45700,0.100871,3.00e-04,1683,117287.4,0.9823,13.66,0.3829
45800,0.093508,3.00e-04,1683,117553.2,0.9836,13.66,0.3334
45900,0.089255,3.00e-04,1683,117819.7,0.9838,13.66,0.3431
46000,0.104851,3.00e-04,1683,118087.2,0.9813,13.66,0.3685
46100,0.101351,3.00e-04,1683,118355.4,0.9817,13.66,0.3497
46200,0.095137,3.00e-04,1683,118623.6,0.9828,13.66,0.3412
46300,0.096661,3.00e-04,1683,118892.6,0.9824,13.66,0.3322
46400,0.089651,3.00e-04,1683,119162.2,0.9831,13.66,0.3338
46500,0.081799,3.00e-04,1683,119432.1,0.9843,13.66,0.3166
46600,0.098371,3.00e-04,1682,119701.9,0.9816,13.66,0.3770
46700,0.097667,3.00e-04,1682,119972.2,0.9816,13.66,0.3483
46800,0.092837,3.00e-04,1682,120242.5,0.9825,13.66,0.3307
46900,0.100031,3.00e-04,1682,120513.2,0.9816,13.66,nan
47000,0.110084,3.00e-04,1681,120786.4,0.9800,13.66,0.4118
47100,0.100137,3.00e-04,1681,121056.4,0.9816,13.66,0.3510
47200,0.100077,3.00e-04,1680,121327.5,0.9807,13.66,0.3868
47300,0.104930,3.00e-04,1680,121599.3,0.9792,13.66,0.3613
47400,0.095435,3.00e-04,1680,121870.9,0.9811,13.66,0.3598
47500,0.097460,3.00e-04,1679,122142.7,0.9805,13.66,0.3616
47600,0.112951,3.00e-04,1679,122414.6,0.9800,13.66,0.3737
47700,0.101095,3.00e-04,1679,122684.3,0.9817,13.66,0.3449
47800,0.097945,3.00e-04,1678,122954.4,0.9820,13.66,0.4110
47900,0.118567,3.00e-04,1678,123223.8,0.9794,13.66,0.3993
48000,0.103868,3.00e-04,1678,123491.8,0.9816,13.66,0.3713
48100,0.095036,3.00e-04,1678,123759.3,0.9825,13.66,0.3522
48200,0.107240,3.00e-04,1678,124026.6,0.9807,13.66,nan
48300,0.096986,3.00e-04,1677,124293.9,0.9824,13.66,0.3731
48400,0.092983,3.00e-04,1677,124561.0,0.9828,13.66,0.3778
48500,0.102091,3.00e-04,1677,124827.9,0.9813,13.66,0.3698
48600,0.099856,3.00e-04,1678,125094.6,0.9819,13.66,0.3523
48700,0.091278,3.00e-04,1678,125361.0,0.9836,13.66,0.3224
48800,0.107453,3.00e-04,1678,125627.3,0.9809,13.66,0.3480
48900,0.104182,3.00e-04,1677,125893.4,0.9809,13.66,0.3701
49000,0.097603,3.00e-04,1677,126159.7,0.9819,13.66,0.3993
49100,0.100433,3.00e-04,1677,126426.6,0.9817,13.66,0.3959
49200,0.095340,3.00e-04,1676,126696.1,0.9825,13.66,0.3745
49300,0.087333,3.00e-04,1676,126970.0,0.9835,13.66,0.3309
49400,0.096809,3.00e-04,1675,127244.7,0.9822,13.66,0.3712
49500,0.102385,3.00e-04,1675,127520.5,0.9808,13.66,0.3606
49600,0.095653,3.00e-04,1675,127796.4,0.9819,13.66,0.3368
49700,0.095536,3.00e-04,1674,128072.5,0.9821,13.66,0.3492
49800,0.095353,3.00e-04,1674,128349.1,0.9825,13.66,0.3768
49900,0.086785,3.00e-04,1673,128625.7,0.9837,13.66,0.3494
50000,0.089771,3.00e-04,1673,128902.0,0.9831,13.66,0.3500
50100,0.096047,3.00e-04,1673,129186.5,0.9821,13.66,0.3474
50200,0.088299,3.00e-04,1672,129463.2,0.9836,13.66,0.3249
50300,0.084222,3.00e-04,1672,129739.7,0.9844,13.66,0.3244
50400,0.094243,3.00e-04,1672,130016.8,0.9819,13.66,0.3637
50500,0.086407,3.00e-04,1672,130293.3,0.9834,13.66,0.3465
50600,0.083103,3.00e-04,1671,130570.2,0.9840,13.66,0.3337
50700,0.095183,3.00e-04,1671,130847.6,0.9830,13.66,0.3490
50800,0.085208,3.00e-04,1672,131124.8,0.9846,13.66,0.3180
50900,0.083015,3.00e-04,1672,131401.6,0.9851,13.66,0.3498
51000,0.092616,3.00e-04,1672,131678.8,0.9829,13.66,0.3840
51100,0.090054,3.00e-04,1671,131956.0,0.9833,13.66,0.3460
51200,0.087225,3.00e-04,1671,132233.2,0.9839,13.66,0.3560
51300,0.094705,3.00e-04,1670,132510.9,0.9823,13.66,0.3600
51400,0.096479,3.00e-04,1670,132788.1,0.9826,13.66,0.3681
51500,0.088426,3.00e-04,1669,133065.2,0.9834,13.66,0.3291
51600,0.098265,3.00e-04,1669,133343.1,0.9824,13.66,0.3838
51700,0.099894,3.00e-04,1669,133618.1,0.9820,13.66,0.3643
51800,0.097675,3.00e-04,1668,133879.7,0.9823,13.66,0.3471
51900,0.098949,3.00e-04,1667,134252.1,0.9821,13.66,0.3545
52000,0.096165,3.00e-04,1665,134645.4,0.9823,13.66,0.3579
52100,0.089727,3.00e-04,1664,135006.1,0.9834,13.66,0.3581
52200,0.091381,3.00e-04,1663,135374.1,0.9832,13.66,0.3504
52300,0.094853,3.00e-04,1661,135741.8,0.9830,13.66,0.3385
52400,0.090117,3.00e-04,1661,136088.0,0.9835,13.66,0.3472
52500,0.089441,3.00e-04,1660,136448.7,0.9838,13.66,0.3629
52600,0.096370,3.00e-04,1659,136804.1,0.9826,13.66,0.3571
52700,0.087754,3.00e-04,1657,137163.2,0.9841,13.66,0.3462
52800,0.087940,3.00e-04,1656,137533.4,0.9842,13.66,0.3637
52900,0.108016,3.00e-04,1656,137818.6,0.9813,13.66,0.3861
53000,0.093785,3.00e-04,1656,138076.5,0.9835,13.66,0.3254
53100,0.094283,3.00e-04,1657,138334.6,0.9834,13.66,0.3392
53200,0.110806,3.00e-04,1657,138591.9,0.9806,13.66,0.4416
53300,0.098541,3.00e-04,1656,138850.5,0.9822,13.66,0.3805
53400,0.088735,3.00e-04,1656,139107.7,0.9836,13.66,0.3752
53500,0.097473,3.00e-04,1656,139365.2,0.9822,13.66,0.3890
53600,0.088365,3.00e-04,1655,139621.7,0.9837,13.66,0.3798
53700,0.084184,3.00e-04,1655,139875.6,0.9843,13.66,0.3579
53800,0.104546,3.00e-04,1655,140129.5,0.9813,13.66,0.3623
53900,0.099421,3.00e-04,1656,140383.1,0.9824,13.66,nan
54000,0.092661,3.00e-04,1656,140636.7,0.9835,13.66,0.3322
54100,0.094605,3.00e-04,1656,140890.2,0.9829,13.66,0.3469
54200,0.093423,3.00e-04,1656,141143.6,0.9827,13.66,0.3729
54300,0.091118,3.00e-04,1656,141397.1,0.9833,13.66,0.3658
54400,0.089513,3.00e-04,1656,141650.5,0.9835,13.66,0.3537
54500,0.089756,3.00e-04,1655,141904.0,0.9834,13.66,0.3809
54600,0.085198,3.00e-04,1655,142157.2,0.9839,13.66,0.3706
54700,0.094708,3.00e-04,1654,142410.5,0.9824,13.66,0.3849
54800,0.098850,3.00e-04,1654,142663.7,0.9822,13.66,0.3840
54900,0.094152,3.00e-04,1654,142916.9,0.9828,13.66,0.3716
55000,0.094062,3.00e-04,1654,143170.3,0.9829,13.66,0.3898
55100,0.093198,3.00e-04,1653,143424.5,0.9829,13.66,0.4283
55200,0.086862,3.00e-04,1653,143677.5,0.9835,13.66,0.3991
55300,0.084981,3.00e-04,1652,143930.5,0.9841,13.66,0.3760
55400,0.115681,3.00e-04,1652,144183.5,0.9789,13.66,0.4346
55500,0.100501,3.00e-04,1651,144436.5,0.9812,13.66,0.4141
55600,0.096876,3.00e-04,1651,144689.5,0.9820,13.66,0.4183
55700,0.096018,3.00e-04,1651,144942.5,0.9824,13.66,0.3792
55800,0.094053,3.00e-04,1650,145195.4,0.9826,13.66,0.3853
55900,0.085390,3.00e-04,1650,145448.3,0.9842,13.66,0.3748
56000,0.106929,3.00e-04,1650,145701.5,0.9813,13.66,0.4012
56100,0.094064,3.00e-04,1650,145954.6,0.9835,13.66,0.3536
56200,0.090486,3.00e-04,1650,146207.7,0.9837,13.66,0.3948
56300,0.102784,3.00e-04,1650,146460.8,0.9815,13.66,0.3681
56400,0.111973,3.00e-04,1650,146714.1,0.9799,13.66,nan
56500,0.102382,3.00e-04,1650,146967.2,0.9814,13.66,0.4166
56600,0.117764,3.00e-04,1651,147220.3,0.9788,13.66,0.3980
56700,0.113150,3.00e-04,1651,147473.2,0.9792,13.66,0.4022
56800,0.104793,3.00e-04,1651,147725.8,0.9805,13.66,0.3588
56900,0.103245,3.00e-04,1651,147978.8,0.9806,13.66,0.4027
57000,0.103804,3.00e-04,1651,148231.9,0.9802,13.66,0.4420
57100,0.095625,3.00e-04,1651,148484.6,0.9817,13.66,0.3761
57200,0.099905,3.00e-04,1651,148737.5,0.9813,13.66,0.4151
57300,0.102601,3.00e-04,1651,148990.2,0.9812,13.66,0.3850
57400,0.092633,3.00e-04,1651,149243.0,0.9826,13.66,0.3570
57500,0.091182,3.00e-04,1651,149495.8,0.9830,13.66,0.3616
57600,0.109050,3.00e-04,1651,149748.5,0.9800,13.66,0.4354
57700,0.097861,3.00e-04,1651,150001.8,0.9820,13.66,0.3835
57800,0.098564,3.00e-04,1651,150254.8,0.9814,13.66,0.3869
57900,0.121453,3.00e-04,1651,150507.8,0.9778,13.66,0.4123
58000,0.110999,3.00e-04,1651,150760.6,0.9794,13.66,0.3658
58100,0.107085,3.00e-04,1651,151013.4,0.9802,13.66,0.3915
58200,0.111120,3.00e-04,1651,151266.3,0.9799,13.66,0.3956
58300,0.102026,3.00e-04,1651,151519.0,0.9809,13.66,0.3661
58400,0.094942,3.00e-04,1651,151771.7,0.9820,13.66,0.3485
58500,0.103455,3.00e-04,1651,152024.8,0.9811,13.66,0.3752
58600,0.099779,3.00e-04,1651,152278.2,0.9818,13.66,0.3840
58700,0.095347,3.00e-04,1651,152531.1,0.9825,13.66,0.3399
58800,0.100524,3.00e-04,1651,152784.2,0.9815,13.66,0.3830
58900,0.106780,3.00e-04,1651,153037.1,0.9807,13.66,nan
59000,0.097051,3.00e-04,1652,153290.4,0.9824,13.66,0.3640
59100,0.101934,3.00e-04,1652,153543.9,0.9812,13.66,0.3596
59200,0.098199,3.00e-04,1652,153797.3,0.9820,13.66,0.3559
59300,0.091037,3.00e-04,1652,154050.3,0.9832,13.66,0.3583
59400,0.101712,3.00e-04,1652,154303.6,0.9814,13.66,0.3641
59500,0.107285,3.00e-04,1652,154556.6,0.9804,13.66,0.3829
59600,0.103655,3.00e-04,1652,154809.7,0.9813,13.66,0.3769
59700,0.098482,3.00e-04,1652,155062.8,0.9817,13.66,0.3561
59800,0.095253,3.00e-04,1652,155316.2,0.9827,13.66,0.3553
59900,0.093284,3.00e-04,1652,155569.4,0.9828,13.66,0.3934
60000,0.092291,3.00e-04,1652,155822.4,0.9830,13.66,0.3673
60100,0.100152,3.00e-04,1651,156090.1,0.9815,13.66,0.3620
60200,0.096639,3.00e-04,1651,156342.4,0.9824,13.66,0.3713
60300,0.092875,3.00e-04,1651,156594.4,0.9828,13.66,0.3726
60400,0.107673,3.00e-04,1651,156846.2,0.9808,13.66,0.3641
60500,0.094689,3.00e-04,1651,157098.2,0.9826,13.66,0.3669
60600,0.089027,3.00e-04,1652,157349.9,0.9836,13.66,0.3388
60700,0.105871,3.00e-04,1651,157601.5,0.9807,13.66,0.3967
60800,0.099304,3.00e-04,1651,157852.8,0.9818,13.66,0.3583
60900,0.095330,3.00e-04,1651,158104.3,0.9822,13.66,0.3771
61000,0.098572,3.00e-04,1651,158355.6,0.9818,13.66,0.3676
61100,0.095120,3.00e-04,1651,158606.9,0.9823,13.66,0.3655
61200,0.089841,3.00e-04,1651,158857.9,0.9834,13.66,0.3541
61300,0.098773,3.00e-04,1651,159109.0,0.9820,13.66,0.3798
61400,0.095943,3.00e-04,1651,159360.1,0.9825,13.66,0.3492
61500,0.092173,3.00e-04,1651,159611.0,0.9829,13.66,0.3460
61600,0.097370,3.00e-04,1651,159861.9,0.9822,13.66,0.3452
61700,0.102317,3.00e-04,1651,160112.6,0.9814,13.66,0.3767
61800,0.099091,3.00e-04,1651,160363.2,0.9821,13.66,0.3711
61900,0.100750,3.00e-04,1651,160613.8,0.9813,13.66,0.3649
62000,0.102783,3.00e-04,1651,160864.3,0.9815,13.66,0.4365
62100,0.095574,3.00e-04,1651,161114.9,0.9826,13.66,0.3788
62200,0.098385,3.00e-04,1651,161365.4,0.9818,13.66,0.3605
62300,0.105178,3.00e-04,1651,161616.0,0.9811,13.66,0.3640
62400,0.098252,3.00e-04,1651,161866.5,0.9824,13.66,0.3693
62500,0.094125,3.00e-04,1651,162116.9,0.9827,13.66,0.3754
62600,0.104766,3.00e-04,1651,162367.4,0.9815,13.66,0.3988
62700,0.096982,3.00e-04,1651,162617.8,0.9824,13.66,0.3858
62800,0.089163,3.00e-04,1651,162868.1,0.9835,13.66,0.3881
62900,0.101215,3.00e-04,1651,163118.4,0.9822,13.66,0.3565
63000,0.096110,3.00e-04,1651,163368.6,0.9827,13.66,nan
63100,0.089245,3.00e-04,1652,163618.9,0.9838,13.66,0.3318
63200,0.101414,3.00e-04,1652,163869.0,0.9816,13.66,0.3737
63300,0.091973,3.00e-04,1652,164119.2,0.9829,13.66,0.3542
63400,0.088681,3.00e-04,1652,164369.3,0.9836,13.66,0.3572
63500,0.094872,3.00e-04,1652,164619.4,0.9826,13.66,0.3673
63600,0.090808,3.00e-04,1652,164869.4,0.9830,13.66,nan
63700,0.087883,3.00e-04,1652,165119.4,0.9835,13.66,0.3585
63800,0.094040,3.00e-04,1652,165369.5,0.9827,13.66,0.3451
63900,0.089965,3.00e-04,1652,165619.5,0.9834,13.66,0.3537
64000,0.083000,3.00e-04,1652,165869.4,0.9843,13.66,0.3570
64100,0.096493,3.00e-04,1652,166119.3,0.9820,13.66,0.3813
64200,0.098654,3.00e-04,1652,166369.0,0.9818,13.66,0.3670
64300,0.093091,3.00e-04,1652,166619.0,0.9826,13.66,0.3702
64400,0.089213,3.00e-04,1652,166868.9,0.9832,13.66,0.3331
64500,0.086430,3.00e-04,1652,167118.9,0.9838,13.66,0.3547
64600,0.081812,3.00e-04,1652,167368.8,0.9848,13.66,0.3567
64700,0.091115,3.00e-04,1652,167618.7,0.9829,13.66,0.3836
64800,0.100151,3.00e-04,1652,167868.6,0.9816,13.66,0.3586
64900,0.092507,3.00e-04,1652,168118.5,0.9827,13.66,0.3420
65000,0.086588,3.00e-04,1653,168368.3,0.9839,13.66,0.3300
65100,0.087967,3.00e-04,1653,168619.5,0.9842,13.66,0.3429
65200,0.082563,3.00e-04,1653,168868.9,0.9847,13.66,0.3424
65300,0.079224,3.00e-04,1653,169118.7,0.9851,13.66,0.3516
65400,0.091245,3.00e-04,1653,169368.3,0.9831,13.66,0.3609
65500,0.085178,3.00e-04,1653,169617.9,0.9840,13.66,0.3713
65600,0.078931,3.00e-04,1653,169867.4,0.9851,13.66,nan
65700,0.089718,3.00e-04,1653,170117.0,0.9831,13.66,0.3619
65800,0.083325,3.00e-04,1653,170366.5,0.9846,13.66,0.3471
65900,0.080697,3.00e-04,1653,170616.1,0.9844,13.66,0.3615
66000,0.092900,3.00e-04,1653,170865.8,0.9828,13.66,0.3525
66100,0.085986,3.00e-04,1653,171115.4,0.9844,13.66,0.3413
66200,0.085181,3.00e-04,1653,171365.0,0.9845,13.66,0.3672
66300,0.096606,3.00e-04,1653,171614.5,0.9823,13.66,0.3865
66400,0.095289,3.00e-04,1652,171864.2,0.9824,13.66,0.3926
66500,0.088792,3.00e-04,1652,172113.7,0.9835,13.66,0.3660
66600,0.100387,3.00e-04,1652,172363.2,0.9817,13.66,0.3870
66700,0.098886,3.00e-04,1652,172612.5,0.9820,13.66,0.3636
66800,0.088775,3.00e-04,1652,172861.8,0.9839,13.66,0.3702
66900,0.091766,3.00e-04,1652,173111.2,0.9831,13.66,0.3800
67000,0.085960,3.00e-04,1652,173360.4,0.9841,13.66,0.3648
67100,0.077858,3.00e-04,1652,173609.9,0.9850,13.66,0.3605
67200,0.088856,3.00e-04,1652,173859.3,0.9838,13.66,0.3625
67300,0.094068,3.00e-04,1652,174108.7,0.9830,13.66,0.3810
67400,0.087650,3.00e-04,1652,174358.0,0.9839,13.66,0.3965
67500,0.086693,3.00e-04,1652,174607.6,0.9839,13.66,0.3589
67600,0.091902,3.00e-04,1652,174857.6,0.9829,13.66,0.3468
67700,0.086265,3.00e-04,1652,175108.1,0.9837,13.66,0.3355
67800,0.083451,3.00e-04,1652,175358.7,0.9844,13.66,0.3485
67900,0.098018,3.00e-04,1651,175609.5,0.9820,13.66,0.4223
68000,0.092569,3.00e-04,1651,175860.5,0.9830,13.66,0.4113
68100,0.091013,3.00e-04,1651,176111.5,0.9831,13.66,0.3991
68200,0.097961,3.00e-04,1650,176363.2,0.9820,13.66,0.3975
68300,0.091124,3.00e-04,1650,176614.4,0.9831,13.66,0.3881
68400,0.086902,3.00e-04,1650,176865.8,0.9836,13.66,0.3651
68500,0.088681,3.00e-04,1650,177117.3,0.9834,13.66,0.3676
68600,0.084646,3.00e-04,1649,177369.0,0.9841,13.66,0.3665
68700,0.080681,3.00e-04,1649,177620.5,0.9850,13.66,0.3662
68800,0.094908,3.00e-04,1649,177872.2,0.9825,13.66,nan
68900,0.092291,3.00e-04,1649,178124.2,0.9826,13.66,0.3525
69000,0.085440,3.00e-04,1649,178376.3,0.9837,13.66,0.3481
69100,0.092774,3.00e-04,1649,178628.4,0.9827,13.66,0.3755
69200,0.093954,3.00e-04,1649,178880.4,0.9825,13.66,0.3861
69300,0.093294,3.00e-04,1649,179132.7,0.9826,13.66,0.4164
69400,0.103688,3.00e-04,1649,179385.0,0.9809,13.66,0.3775
69500,0.102542,3.00e-04,1649,179637.6,0.9814,13.66,0.3850
69600,0.098586,3.00e-04,1649,179890.1,0.9821,13.66,0.3741
69700,0.097123,3.00e-04,1649,180143.0,0.9821,13.66,0.3694
69800,0.093851,3.00e-04,1649,180395.5,0.9823,13.66,0.4128
69900,0.086202,3.00e-04,1649,180645.4,0.9834,13.66,0.3511
70000,0.090308,3.00e-04,1649,180895.0,0.9829,13.66,0.3496
70100,0.102629,3.00e-04,1649,181150.7,0.9814,13.66,0.3938
70200,0.097504,3.00e-04,1649,181400.0,0.9819,13.66,0.3930
70300,0.095200,3.00e-04,1649,181649.3,0.9825,13.66,0.3740
70400,0.106882,3.00e-04,1649,181900.6,0.9810,13.66,0.3680
70500,0.100623,3.00e-04,1649,182152.0,0.9820,13.66,0.3701
70600,0.093370,3.00e-04,1649,182406.2,0.9831,13.66,0.3393
70700,0.094628,3.00e-04,1649,182660.1,0.9827,13.66,0.3323
70800,0.090052,3.00e-04,1649,182915.7,0.9831,13.66,0.3561
70900,0.086299,3.00e-04,1649,183171.1,0.9836,13.66,0.3446
